Timestamp,Username,Event
2025-05-11 09:03:49,admin,Motion Detected
2025-05-11 09:03:49,admin,Motion Detected
2025-05-11 09:03:49,admin,Motion Detected
2025-05-11 09:03:49,admin,Motion Detected
2025-05-11 09:03:49,admin,Face Detected
2025-05-11 09:03:49,admin,Motion Detected
2025-05-11 09:03:49,admin,Motion Detected
2025-05-11 09:03:49,admin,Motion Detected
2025-05-11 09:03:49,admin,Motion Detected
2025-05-11 09:03:49,admin,Motion Detected
2025-05-11 09:03:49,admin,Motion Detected
2025-05-11 09:03:50,admin,Motion Detected
2025-05-11 09:03:50,admin,Motion Detected
2025-05-11 09:03:50,admin,Motion Detected
2025-05-11 09:03:50,admin,Motion Detected
2025-05-11 09:03:50,admin,Motion Detected
2025-05-11 09:03:50,admin,Motion Detected
2025-05-11 09:03:50,admin,Motion Detected
2025-05-11 09:03:50,admin,Motion Detected
2025-05-11 09:03:50,admin,Motion Detected
2025-05-11 09:03:50,admin,Motion Detected
2025-05-11 09:03:50,admin,Motion Detected
2025-05-11 09:03:50,admin,Motion Detected
2025-05-11 09:03:50,admin,Motion Detected
2025-05-11 09:03:50,admin,Motion Detected
2025-05-11 09:03:50,admin,Motion Detected
2025-05-11 09:03:50,admin,Motion Detected
2025-05-11 09:03:50,admin,Motion Detected
2025-05-11 09:03:50,admin,Motion Detected
2025-05-11 09:03:51,admin,Motion Detected
2025-05-11 09:03:51,admin,Motion Detected
2025-05-11 09:03:51,admin,Motion Detected
2025-05-11 09:03:51,admin,Motion Detected
2025-05-11 09:03:51,admin,Motion Detected
2025-05-11 09:03:51,admin,Motion Detected
2025-05-11 09:03:51,admin,Motion Detected
2025-05-11 09:03:51,admin,Motion Detected
2025-05-11 09:03:52,admin,Motion Detected
2025-05-11 09:03:52,admin,Motion Detected
2025-05-11 09:03:52,admin,Motion Detected
2025-05-11 09:03:52,admin,Motion Detected
2025-05-11 09:03:52,admin,Motion Detected
2025-05-11 09:03:52,admin,Motion Detected
2025-05-11 09:03:52,admin,Motion Detected
2025-05-11 09:03:52,admin,Motion Detected
2025-05-11 09:03:52,admin,Motion Detected
2025-05-11 09:03:52,admin,Motion Detected
2025-05-11 09:03:52,admin,Motion Detected
2025-05-11 09:03:52,admin,Motion Detected
2025-05-11 09:03:52,admin,Motion Detected
2025-05-11 09:03:52,admin,Motion Detected
2025-05-11 09:03:52,admin,Motion Detected
2025-05-11 09:03:52,admin,Motion Detected
2025-05-11 09:03:52,admin,Motion Detected
2025-05-11 09:03:53,admin,Motion Detected
2025-05-11 09:03:53,admin,Motion Detected
2025-05-11 09:03:53,admin,Motion Detected
2025-05-11 09:03:53,admin,Motion Detected
2025-05-11 09:03:53,admin,Motion Detected
2025-05-11 09:03:53,admin,Motion Detected
2025-05-11 09:03:53,admin,Motion Detected
2025-05-11 09:03:53,admin,Motion Detected
2025-05-11 09:03:53,admin,Motion Detected
2025-05-11 09:03:53,admin,Motion Detected
2025-05-11 09:03:53,admin,Motion Detected
2025-05-11 09:03:53,admin,Motion Detected
2025-05-11 09:03:53,admin,Motion Detected
2025-05-11 09:03:53,admin,Motion Detected
2025-05-11 09:03:53,admin,Motion Detected
2025-05-11 09:03:53,admin,Face Detected
2025-05-11 09:03:53,admin,Motion Detected
2025-05-11 09:03:53,admin,Motion Detected
2025-05-11 09:03:53,admin,Motion Detected
2025-05-11 09:03:53,admin,Motion Detected
2025-05-11 09:03:54,admin,Motion Detected
2025-05-11 09:03:54,admin,Motion Detected
2025-05-11 09:03:54,admin,Motion Detected
2025-05-11 09:03:54,admin,Motion Detected
2025-05-11 09:03:54,admin,Motion Detected
2025-05-11 09:03:54,admin,Motion Detected
2025-05-11 09:03:54,admin,Motion Detected
2025-05-11 09:03:54,admin,Motion Detected
2025-05-11 09:03:54,admin,Motion Detected
2025-05-11 09:03:54,admin,Motion Detected
2025-05-11 09:03:54,admin,Motion Detected
2025-05-11 09:03:54,admin,Motion Detected
2025-05-11 09:03:54,admin,Motion Detected
2025-05-11 09:03:54,admin,Motion Detected
2025-05-11 09:03:54,admin,Motion Detected
2025-05-11 09:03:54,admin,Motion Detected
2025-05-11 09:03:54,admin,Motion Detected
2025-05-11 09:03:54,admin,Motion Detected
2025-05-11 09:03:54,admin,Motion Detected
2025-05-11 09:03:54,admin,Motion Detected
2025-05-11 09:03:54,admin,Motion Detected
2025-05-11 09:03:55,admin,Motion Detected
2025-05-11 09:03:55,admin,Motion Detected
2025-05-11 09:03:55,admin,Motion Detected
2025-05-11 09:03:55,admin,Motion Detected
2025-05-11 09:03:55,admin,Motion Detected
2025-05-11 09:03:55,admin,Motion Detected
2025-05-11 09:03:55,admin,Motion Detected
2025-05-11 09:03:55,admin,Motion Detected
2025-05-11 09:03:55,admin,Motion Detected
2025-05-11 09:03:55,admin,Motion Detected
2025-05-11 09:03:55,admin,Motion Detected
2025-05-11 09:03:55,admin,Motion Detected
2025-05-11 09:03:55,admin,Motion Detected
2025-05-11 09:03:55,admin,Motion Detected
2025-05-11 09:03:55,admin,Motion Detected
2025-05-11 09:03:55,admin,Motion Detected
2025-05-11 09:03:55,admin,Motion Detected
2025-05-11 09:03:55,admin,Motion Detected
2025-05-11 09:03:55,admin,Motion Detected
2025-05-11 09:03:55,admin,Motion Detected
2025-05-11 09:03:55,admin,Motion Detected
2025-05-11 09:03:55,admin,Motion Detected
2025-05-11 09:03:55,admin,Motion Detected
2025-05-11 09:03:56,admin,Motion Detected
2025-05-11 09:03:56,admin,Motion Detected
2025-05-11 09:03:56,admin,Motion Detected
2025-05-11 09:03:56,admin,Motion Detected
2025-05-11 09:03:56,admin,Motion Detected
2025-05-11 09:03:56,admin,Motion Detected
2025-05-11 09:03:56,admin,Motion Detected
2025-05-11 09:03:56,admin,Motion Detected
2025-05-11 09:03:56,admin,Motion Detected
2025-05-11 09:03:56,admin,Motion Detected
2025-05-11 09:03:56,admin,Motion Detected
2025-05-11 09:03:56,admin,Motion Detected
2025-05-11 09:03:56,admin,Motion Detected
2025-05-11 09:03:56,admin,Motion Detected
2025-05-11 09:03:56,admin,Motion Detected
2025-05-11 09:03:56,admin,Motion Detected
2025-05-11 09:03:56,admin,Motion Detected
2025-05-11 09:03:56,admin,Motion Detected
2025-05-11 09:03:56,admin,Motion Detected
2025-05-11 09:03:56,admin,Motion Detected
2025-05-11 09:03:57,admin,Motion Detected
2025-05-11 09:03:57,admin,Motion Detected
2025-05-11 09:03:57,admin,Motion Detected
2025-05-11 09:03:57,admin,Motion Detected
2025-05-11 09:03:57,admin,Motion Detected
2025-05-11 09:03:57,admin,Motion Detected
2025-05-11 09:03:57,admin,Motion Detected
2025-05-11 09:03:57,admin,Motion Detected
2025-05-11 09:03:57,admin,Motion Detected
2025-05-11 09:03:57,admin,Motion Detected
2025-05-11 09:03:57,admin,Motion Detected
2025-05-11 09:03:57,admin,Motion Detected
2025-05-11 09:03:57,admin,Motion Detected
2025-05-11 09:03:57,admin,Motion Detected
2025-05-11 09:03:57,admin,Motion Detected
2025-05-11 09:03:57,admin,Motion Detected
2025-05-11 09:03:57,admin,Motion Detected
2025-05-11 09:03:57,admin,Motion Detected
2025-05-11 09:03:58,admin,Motion Detected
2025-05-11 09:03:58,admin,Motion Detected
2025-05-11 09:03:58,admin,Motion Detected
2025-05-11 09:03:58,admin,Motion Detected
2025-05-11 09:03:58,admin,Face Detected
2025-05-11 09:03:58,admin,Motion Detected
2025-05-11 09:03:58,admin,Motion Detected
2025-05-11 09:03:58,admin,Motion Detected
2025-05-11 09:03:58,admin,Motion Detected
2025-05-11 09:03:58,admin,Motion Detected
2025-05-11 09:03:58,admin,Motion Detected
2025-05-11 09:03:58,admin,Motion Detected
2025-05-11 09:03:58,admin,Motion Detected
2025-05-11 09:03:58,admin,Motion Detected
2025-05-11 09:03:58,admin,Motion Detected
2025-05-11 09:03:58,admin,Motion Detected
2025-05-11 09:03:58,admin,Motion Detected
2025-05-11 09:03:58,admin,Face Detected
2025-05-11 09:03:58,admin,Motion Detected
2025-05-11 09:03:58,admin,Motion Detected
2025-05-11 09:03:59,admin,Motion Detected
2025-05-11 09:03:59,admin,Motion Detected
2025-05-11 09:03:59,admin,Motion Detected
2025-05-11 09:03:59,admin,Motion Detected
2025-05-11 09:03:59,admin,Motion Detected
2025-05-11 09:03:59,admin,Motion Detected
2025-05-11 09:03:59,admin,Motion Detected
2025-05-11 09:03:59,admin,Motion Detected
2025-05-11 09:03:59,admin,Motion Detected
2025-05-11 09:03:59,admin,Motion Detected
2025-05-11 09:03:59,admin,Motion Detected
2025-05-11 09:03:59,admin,Motion Detected
2025-05-11 09:03:59,admin,Motion Detected
2025-05-11 09:03:59,admin,Motion Detected
2025-05-11 09:03:59,admin,Motion Detected
2025-05-11 09:03:59,admin,Motion Detected
2025-05-11 09:03:59,admin,Motion Detected
2025-05-11 09:04:00,admin,Motion Detected
2025-05-11 09:04:00,admin,Face Detected
2025-05-11 09:04:00,admin,Motion Detected
2025-05-11 09:04:00,admin,Face Detected
2025-05-11 09:04:00,admin,Motion Detected
2025-05-11 09:04:00,admin,Face Detected
2025-05-11 09:04:00,admin,Motion Detected
2025-05-11 09:04:00,admin,Face Detected
2025-05-11 09:04:00,admin,Motion Detected
2025-05-11 09:04:00,admin,Face Detected
2025-05-11 09:04:00,admin,Motion Detected
2025-05-11 09:04:00,admin,Face Detected
2025-05-11 09:04:00,admin,Motion Detected
2025-05-11 09:04:00,admin,Motion Detected
2025-05-11 09:04:00,admin,Motion Detected
2025-05-11 09:04:00,admin,Motion Detected
2025-05-11 09:04:00,admin,Motion Detected
2025-05-11 09:04:00,admin,Face Detected
2025-05-11 09:04:00,admin,Motion Detected
2025-05-11 09:04:00,admin,Face Detected
2025-05-11 09:04:00,admin,Motion Detected
2025-05-11 09:04:00,admin,Face Detected
2025-05-11 09:04:00,admin,Motion Detected
2025-05-11 09:04:00,admin,Face Detected
2025-05-11 09:04:00,admin,Motion Detected
2025-05-11 09:04:00,admin,Face Detected
2025-05-11 09:04:00,admin,Motion Detected
2025-05-11 09:04:00,admin,Face Detected
2025-05-11 09:04:00,admin,Motion Detected
2025-05-11 09:04:00,admin,Face Detected
2025-05-11 09:04:00,admin,Motion Detected
2025-05-11 09:04:00,admin,Face Detected
2025-05-11 09:04:01,admin,Motion Detected
2025-05-11 09:04:01,admin,Face Detected
2025-05-11 09:04:01,admin,Motion Detected
2025-05-11 09:04:01,admin,Face Detected
2025-05-11 09:04:01,admin,Motion Detected
2025-05-11 09:04:01,admin,Motion Detected
2025-05-11 09:04:01,admin,Motion Detected
2025-05-11 09:04:01,admin,Face Detected
2025-05-11 09:04:01,admin,Motion Detected
2025-05-11 09:04:01,admin,Motion Detected
2025-05-11 09:04:01,admin,Face Detected
2025-05-11 09:04:01,admin,Motion Detected
2025-05-11 09:04:01,admin,Face Detected
2025-05-11 09:04:01,admin,Motion Detected
2025-05-11 09:04:01,admin,Face Detected
2025-05-11 09:04:01,admin,Motion Detected
2025-05-11 09:04:01,admin,Face Detected
2025-05-11 09:04:01,admin,Motion Detected
2025-05-11 09:04:01,admin,Face Detected
2025-05-11 09:04:01,admin,Motion Detected
2025-05-11 09:04:01,admin,Face Detected
2025-05-11 09:04:01,admin,Motion Detected
2025-05-11 09:04:01,admin,Face Detected
2025-05-11 09:04:01,admin,Motion Detected
2025-05-11 09:04:01,admin,Face Detected
2025-05-11 09:04:01,admin,Motion Detected
2025-05-11 09:04:01,admin,Face Detected
2025-05-11 09:04:01,admin,Motion Detected
2025-05-11 09:04:01,admin,Face Detected
2025-05-11 09:04:01,admin,Face Detected
2025-05-11 09:04:01,admin,Motion Detected
2025-05-11 09:04:01,admin,Face Detected
2025-05-11 09:04:01,admin,Face Detected
2025-05-11 09:04:02,admin,Motion Detected
2025-05-11 09:04:02,admin,Face Detected
2025-05-11 09:04:02,admin,Face Detected
2025-05-11 09:04:02,admin,Face Detected
2025-05-11 09:04:02,admin,Motion Detected
2025-05-11 09:04:02,admin,Face Detected
2025-05-11 09:04:02,admin,Motion Detected
2025-05-11 09:04:02,admin,Face Detected
2025-05-11 09:04:02,admin,Motion Detected
2025-05-11 09:04:02,admin,Face Detected
2025-05-11 09:04:02,admin,Face Detected
2025-05-11 09:04:02,admin,Face Detected
2025-05-11 09:04:02,admin,Motion Detected
2025-05-11 09:04:02,admin,Face Detected
2025-05-11 09:04:02,admin,Face Detected
2025-05-11 09:04:02,admin,Face Detected
2025-05-11 09:04:02,admin,Face Detected
2025-05-11 09:04:02,admin,Face Detected
2025-05-11 09:04:02,admin,Motion Detected
2025-05-11 09:04:02,admin,Face Detected
2025-05-11 09:04:02,admin,Motion Detected
2025-05-11 09:04:02,admin,Face Detected
2025-05-11 09:04:02,admin,Motion Detected
2025-05-11 09:04:02,admin,Face Detected
2025-05-11 09:04:02,admin,Motion Detected
2025-05-11 09:04:02,admin,Face Detected
2025-05-11 09:04:03,admin,Motion Detected
2025-05-11 09:04:03,admin,Face Detected
2025-05-11 09:04:03,admin,Motion Detected
2025-05-11 09:04:03,admin,Face Detected
2025-05-11 09:04:03,admin,Motion Detected
2025-05-11 09:04:03,admin,Face Detected
2025-05-11 09:04:03,admin,Motion Detected
2025-05-11 09:04:03,admin,Face Detected
2025-05-11 09:04:03,admin,Motion Detected
2025-05-11 09:04:03,admin,Face Detected
2025-05-11 09:04:03,admin,Motion Detected
2025-05-11 09:04:03,admin,Motion Detected
2025-05-11 09:04:03,admin,Face Detected
2025-05-11 09:04:03,admin,Motion Detected
2025-05-11 09:04:03,admin,Face Detected
2025-05-11 09:04:03,admin,Face Detected
2025-05-11 09:04:03,admin,Motion Detected
2025-05-11 09:04:03,admin,Motion Detected
2025-05-11 09:04:03,admin,Face Detected
2025-05-11 09:04:03,admin,Motion Detected
2025-05-11 09:04:03,admin,Face Detected
2025-05-11 09:04:03,admin,Face Detected
2025-05-11 09:04:04,admin,Face Detected
2025-05-11 09:04:04,admin,Motion Detected
2025-05-11 09:04:04,admin,Face Detected
2025-05-11 09:04:04,admin,Motion Detected
2025-05-11 09:04:04,admin,Face Detected
2025-05-11 09:04:04,admin,Motion Detected
2025-05-11 09:04:04,admin,Face Detected
2025-05-11 09:04:04,admin,Motion Detected
2025-05-11 09:04:04,admin,Face Detected
2025-05-11 09:04:04,admin,Face Detected
2025-05-11 09:04:04,admin,Face Detected
2025-05-11 09:04:04,admin,Face Detected
2025-05-11 09:04:04,admin,Face Detected
2025-05-11 09:04:04,admin,Face Detected
2025-05-11 09:04:04,admin,Face Detected
2025-05-11 09:04:04,admin,Face Detected
2025-05-11 09:04:04,admin,Face Detected
2025-05-11 09:04:04,admin,Face Detected
2025-05-11 09:04:04,admin,Face Detected
2025-05-11 09:04:04,admin,Face Detected
2025-05-11 09:04:04,admin,Face Detected
2025-05-11 09:04:05,admin,Face Detected
2025-05-11 09:04:05,admin,Motion Detected
2025-05-11 09:04:05,admin,Motion Detected
2025-05-11 09:04:05,admin,Motion Detected
2025-05-11 09:04:05,admin,Motion Detected
2025-05-11 09:04:05,admin,Face Detected
2025-05-11 09:04:05,admin,Face Detected
2025-05-11 09:04:05,admin,Face Detected
2025-05-11 09:04:05,admin,Face Detected
2025-05-11 09:04:05,admin,Face Detected
2025-05-11 09:04:05,admin,Face Detected
2025-05-11 09:04:05,admin,Face Detected
2025-05-11 09:04:05,admin,Motion Detected
2025-05-11 09:04:05,admin,Face Detected
2025-05-11 09:04:05,admin,Face Detected
2025-05-11 09:04:06,admin,Face Detected
2025-05-11 09:04:06,admin,Face Detected
2025-05-11 09:04:06,admin,Face Detected
2025-05-11 09:04:06,admin,Face Detected
2025-05-11 09:04:06,admin,Face Detected
2025-05-11 09:04:06,admin,Face Detected
2025-05-11 09:04:06,admin,Face Detected
2025-05-11 09:04:06,admin,Face Detected
2025-05-11 09:04:06,admin,Face Detected
2025-05-11 09:04:06,admin,Face Detected
2025-05-11 09:04:06,admin,Face Detected
2025-05-11 09:04:06,admin,Motion Detected
2025-05-11 09:04:06,admin,Face Detected
2025-05-11 09:04:06,admin,Motion Detected
2025-05-11 09:04:06,admin,Face Detected
2025-05-11 09:04:06,admin,Motion Detected
2025-05-11 09:04:06,admin,Motion Detected
2025-05-11 09:04:06,admin,Motion Detected
2025-05-11 09:04:06,admin,Motion Detected
2025-05-11 09:04:06,admin,Motion Detected
2025-05-11 09:04:06,admin,Motion Detected
2025-05-11 09:04:07,admin,Motion Detected
2025-05-11 09:04:07,admin,Motion Detected
2025-05-11 09:04:07,admin,Motion Detected
2025-05-11 09:04:07,admin,Motion Detected
2025-05-11 09:04:07,admin,Motion Detected
2025-05-11 09:04:07,admin,Motion Detected
2025-05-11 09:04:07,admin,Motion Detected
2025-05-11 09:04:07,admin,Face Detected
2025-05-11 09:04:07,admin,Motion Detected
2025-05-11 09:04:07,admin,Motion Detected
2025-05-11 09:04:07,admin,Face Detected
2025-05-11 09:04:07,admin,Face Detected
2025-05-11 09:04:07,admin,Motion Detected
2025-05-11 09:04:07,admin,Face Detected
2025-05-11 09:04:07,admin,Motion Detected
2025-05-11 09:04:07,admin,Face Detected
2025-05-11 09:04:07,admin,Motion Detected
2025-05-11 09:04:07,admin,Face Detected
2025-05-11 09:04:07,admin,Face Detected
2025-05-11 09:04:07,admin,Face Detected
2025-05-11 09:04:07,admin,Motion Detected
2025-05-11 09:04:07,admin,Face Detected
2025-05-11 09:04:07,admin,Face Detected
2025-05-11 09:04:07,admin,Face Detected
2025-05-11 09:04:08,admin,Face Detected
2025-05-11 09:04:08,admin,Face Detected
2025-05-11 09:04:08,admin,Face Detected
2025-05-11 09:04:08,admin,Face Detected
2025-05-11 09:04:08,admin,Face Detected
2025-05-11 09:04:08,admin,Face Detected
2025-05-11 09:04:08,admin,Motion Detected
2025-05-11 09:04:08,admin,Face Detected
2025-05-11 09:04:08,admin,Motion Detected
2025-05-11 09:04:08,admin,Face Detected
2025-05-11 09:04:08,admin,Face Detected
2025-05-11 09:04:08,admin,Motion Detected
2025-05-11 09:04:08,admin,Face Detected
2025-05-11 09:04:08,admin,Motion Detected
2025-05-11 09:04:08,admin,Face Detected
2025-05-11 09:04:08,admin,Motion Detected
2025-05-11 09:04:08,admin,Face Detected
2025-05-11 09:04:08,admin,Motion Detected
2025-05-11 09:04:08,admin,Face Detected
2025-05-11 09:04:08,admin,Motion Detected
2025-05-11 09:04:08,admin,Face Detected
2025-05-11 09:04:08,admin,Motion Detected
2025-05-11 09:04:08,admin,Motion Detected
2025-05-11 09:04:09,admin,Motion Detected
2025-05-11 09:04:09,admin,Motion Detected
2025-05-11 09:04:09,admin,Motion Detected
2025-05-11 09:04:09,admin,Face Detected
2025-05-11 09:04:09,admin,Motion Detected
2025-05-11 09:04:09,admin,Motion Detected
2025-05-11 09:04:09,admin,Motion Detected
2025-05-11 09:04:09,admin,Face Detected
2025-05-11 09:04:09,admin,Motion Detected
2025-05-11 09:04:09,admin,Motion Detected
2025-05-11 09:04:09,admin,Face Detected
2025-05-11 09:04:09,admin,Motion Detected
2025-05-11 09:04:09,admin,Motion Detected
2025-05-11 09:04:09,admin,Motion Detected
2025-05-11 09:04:09,admin,Motion Detected
2025-05-11 09:04:09,admin,Motion Detected
2025-05-11 09:04:09,admin,Motion Detected
2025-05-11 09:04:09,admin,Motion Detected
2025-05-11 09:04:10,admin,Motion Detected
2025-05-11 09:04:10,admin,Face Detected
2025-05-11 09:04:10,admin,Face Detected
2025-05-11 09:04:10,admin,Face Detected
2025-05-11 09:04:10,admin,Face Detected
2025-05-11 09:04:10,admin,Motion Detected
2025-05-11 09:04:10,admin,Face Detected
2025-05-11 09:04:10,admin,Face Detected
2025-05-11 09:04:10,admin,Face Detected
2025-05-11 09:04:10,admin,Face Detected
2025-05-11 09:04:10,admin,Motion Detected
2025-05-11 09:04:11,admin,Face Detected
2025-05-11 09:04:11,admin,Face Detected
2025-05-11 09:04:11,admin,Face Detected
2025-05-11 09:04:11,admin,Face Detected
2025-05-11 09:04:11,admin,Face Detected
2025-05-11 09:04:11,admin,Face Detected
2025-05-11 09:04:11,admin,Face Detected
2025-05-11 09:04:11,admin,Face Detected
2025-05-11 09:04:11,admin,Motion Detected
2025-05-11 09:04:11,admin,Face Detected
2025-05-11 09:04:11,admin,Face Detected
2025-05-11 09:04:11,admin,Face Detected
2025-05-11 09:04:11,admin,Face Detected
2025-05-11 09:04:11,admin,Face Detected
2025-05-11 09:04:12,admin,Face Detected
2025-05-11 09:04:12,admin,Motion Detected
2025-05-11 09:04:12,admin,Face Detected
2025-05-11 09:04:12,admin,Motion Detected
2025-05-11 09:04:12,admin,Motion Detected
2025-05-11 09:04:12,admin,Motion Detected
2025-05-11 09:04:12,admin,Face Detected
2025-05-11 09:04:12,admin,Motion Detected
2025-05-11 09:04:12,admin,Face Detected
2025-05-11 09:04:12,admin,Motion Detected
2025-05-11 09:04:12,admin,Face Detected
2025-05-11 09:04:12,admin,Motion Detected
2025-05-11 09:04:12,admin,Face Detected
2025-05-11 09:04:12,admin,Motion Detected
2025-05-11 09:04:12,admin,Face Detected
2025-05-11 09:04:12,admin,Motion Detected
2025-05-11 09:04:12,admin,Face Detected
2025-05-11 09:04:12,admin,Motion Detected
2025-05-11 09:04:12,admin,Face Detected
2025-05-11 09:04:12,admin,Motion Detected
2025-05-11 09:04:12,admin,Face Detected
2025-05-11 09:04:12,admin,Motion Detected
2025-05-11 09:04:12,admin,Face Detected
2025-05-11 09:04:12,admin,Face Detected
2025-05-11 09:04:12,admin,Motion Detected
2025-05-11 09:04:13,admin,Motion Detected
2025-05-11 09:04:13,admin,Face Detected
2025-05-11 09:04:13,admin,Motion Detected
2025-05-11 09:04:13,admin,Motion Detected
2025-05-11 09:04:13,admin,Motion Detected
2025-05-11 09:04:13,admin,Face Detected
2025-05-11 09:04:13,admin,Motion Detected
2025-05-11 09:04:13,admin,Face Detected
2025-05-11 09:04:13,admin,Face Detected
2025-05-11 09:04:13,admin,Face Detected
2025-05-11 09:04:13,admin,Face Detected
2025-05-11 09:04:13,admin,Face Detected
2025-05-11 09:04:13,admin,Motion Detected
2025-05-11 09:04:13,admin,Face Detected
2025-05-11 09:04:13,admin,Motion Detected
2025-05-11 09:04:13,admin,Face Detected
2025-05-11 09:04:13,admin,Face Detected
2025-05-11 09:04:13,admin,Face Detected
2025-05-11 09:04:13,admin,Face Detected
2025-05-11 09:04:13,admin,Face Detected
2025-05-11 09:04:14,admin,Face Detected
2025-05-11 09:04:14,admin,Motion Detected
2025-05-11 09:04:14,admin,Face Detected
2025-05-11 09:04:14,admin,Motion Detected
2025-05-11 09:04:14,admin,Face Detected
2025-05-11 09:04:14,admin,Motion Detected
2025-05-11 09:04:14,admin,Face Detected
2025-05-11 09:04:14,admin,Motion Detected
2025-05-11 09:04:14,admin,Face Detected
2025-05-11 09:04:14,admin,Face Detected
2025-05-11 09:04:14,admin,Motion Detected
2025-05-11 09:04:14,admin,Face Detected
2025-05-11 09:04:14,admin,Motion Detected
2025-05-11 09:04:14,admin,Face Detected
2025-05-11 09:04:14,admin,Motion Detected
2025-05-11 09:04:14,admin,Face Detected
2025-05-11 09:04:14,admin,Motion Detected
2025-05-11 09:04:14,admin,Face Detected
2025-05-11 09:04:14,admin,Face Detected
2025-05-11 09:04:14,admin,Motion Detected
2025-05-11 09:04:14,admin,Face Detected
2025-05-11 09:04:14,admin,Face Detected
2025-05-11 09:04:14,admin,Face Detected
2025-05-11 09:04:14,admin,Face Detected
2025-05-11 09:04:14,admin,Face Detected
2025-05-11 09:04:15,admin,Face Detected
2025-05-11 09:04:15,admin,Face Detected
2025-05-11 09:04:15,admin,Face Detected
2025-05-11 09:04:15,admin,Face Detected
2025-05-11 09:04:15,admin,Face Detected
2025-05-11 09:04:15,admin,Face Detected
2025-05-11 09:04:15,admin,Face Detected
2025-05-11 09:04:15,admin,Face Detected
2025-05-11 09:04:15,admin,Face Detected
2025-05-11 09:04:15,admin,Face Detected
2025-05-11 09:04:15,admin,Motion Detected
2025-05-11 09:04:15,admin,Face Detected
2025-05-11 09:04:15,admin,Face Detected
2025-05-11 09:04:15,admin,Face Detected
2025-05-11 09:04:15,admin,Motion Detected
2025-05-11 09:04:15,admin,Face Detected
2025-05-11 09:04:15,admin,Motion Detected
2025-05-11 09:04:15,admin,Face Detected
2025-05-11 09:04:15,admin,Face Detected
2025-05-11 09:04:16,admin,Motion Detected
2025-05-11 09:04:16,admin,Face Detected
2025-05-11 09:04:16,admin,Motion Detected
2025-05-11 09:04:16,admin,Face Detected
2025-05-11 09:04:16,admin,Motion Detected
2025-05-11 09:04:16,admin,Face Detected
2025-05-11 09:04:16,admin,Motion Detected
2025-05-11 09:04:16,admin,Face Detected
2025-05-11 09:04:16,admin,Motion Detected
2025-05-11 09:04:16,admin,Motion Detected
2025-05-11 09:04:16,admin,Face Detected
2025-05-11 09:04:16,admin,Motion Detected
2025-05-11 09:04:16,admin,Face Detected
2025-05-11 09:04:16,admin,Motion Detected
2025-05-11 09:04:16,admin,Motion Detected
2025-05-11 09:04:16,admin,Motion Detected
2025-05-11 09:04:16,admin,Face Detected
2025-05-11 09:04:16,admin,Motion Detected
2025-05-11 09:04:16,admin,Face Detected
2025-05-11 09:04:16,admin,Motion Detected
2025-05-11 09:04:16,admin,Face Detected
2025-05-11 09:04:16,admin,Motion Detected
2025-05-11 09:04:16,admin,Face Detected
2025-05-11 09:04:16,admin,Motion Detected
2025-05-11 09:04:16,admin,Face Detected
2025-05-11 09:04:16,admin,Motion Detected
2025-05-11 09:04:16,admin,Face Detected
2025-05-11 09:04:16,admin,Motion Detected
2025-05-11 09:04:16,admin,Face Detected
2025-05-11 09:04:17,admin,Motion Detected
2025-05-11 09:04:17,admin,Face Detected
2025-05-11 09:04:17,admin,Motion Detected
2025-05-11 09:04:17,admin,Face Detected
2025-05-11 09:04:17,admin,Motion Detected
2025-05-11 09:04:17,admin,Face Detected
2025-05-11 09:04:17,admin,Motion Detected
2025-05-11 09:04:17,admin,Face Detected
2025-05-11 09:04:17,admin,Motion Detected
2025-05-11 09:04:17,admin,Face Detected
2025-05-11 09:04:17,admin,Motion Detected
2025-05-11 09:04:17,admin,Face Detected
2025-05-11 09:04:17,admin,Motion Detected
2025-05-11 09:04:17,admin,Face Detected
2025-05-11 09:04:17,admin,Motion Detected
2025-05-11 09:04:17,admin,Face Detected
2025-05-11 09:04:17,admin,Motion Detected
2025-05-11 09:04:17,admin,Face Detected
2025-05-11 09:04:17,admin,Motion Detected
2025-05-11 09:04:17,admin,Face Detected
2025-05-11 09:04:17,admin,Motion Detected
2025-05-11 09:04:17,admin,Motion Detected
2025-05-11 09:04:17,admin,Motion Detected
2025-05-11 09:04:18,admin,Motion Detected
2025-05-11 09:04:18,admin,Motion Detected
2025-05-11 09:04:18,admin,Motion Detected
2025-05-11 09:04:18,admin,Motion Detected
2025-05-11 09:04:18,admin,Motion Detected
2025-05-11 09:04:18,admin,Motion Detected
2025-05-11 09:04:18,admin,Motion Detected
2025-05-11 09:04:18,admin,Face Detected
2025-05-11 09:04:18,admin,Motion Detected
2025-05-11 09:04:18,admin,Motion Detected
2025-05-11 09:04:18,admin,Motion Detected
2025-05-11 09:04:18,admin,Motion Detected
2025-05-11 09:04:18,admin,Motion Detected
2025-05-11 09:04:18,admin,Motion Detected
2025-05-11 09:04:19,admin,Motion Detected
2025-05-11 09:04:19,admin,Motion Detected
2025-05-11 09:04:19,admin,Motion Detected
2025-05-11 09:04:19,admin,Motion Detected
2025-05-11 09:04:19,admin,Motion Detected
2025-05-11 09:04:19,admin,Motion Detected
2025-05-11 09:04:19,admin,Face Detected
2025-05-11 09:04:19,admin,Motion Detected
2025-05-11 09:04:19,admin,Motion Detected
2025-05-11 09:04:19,admin,Motion Detected
2025-05-11 09:04:19,admin,Motion Detected
2025-05-11 09:04:19,admin,Face Detected
2025-05-11 09:04:19,admin,Motion Detected
2025-05-11 09:04:19,admin,Face Detected
2025-05-11 09:04:19,admin,Motion Detected
2025-05-11 09:04:19,admin,Motion Detected
2025-05-11 09:04:20,admin,Motion Detected
2025-05-11 09:04:20,admin,Motion Detected
2025-05-11 09:04:20,admin,Motion Detected
2025-05-11 09:04:20,admin,Motion Detected
2025-05-11 09:04:20,admin,Motion Detected
2025-05-11 09:04:20,admin,Motion Detected
2025-05-11 09:04:20,admin,Motion Detected
2025-05-11 09:04:20,admin,Motion Detected
2025-05-11 09:04:20,admin,Motion Detected
2025-05-11 09:04:20,admin,Motion Detected
2025-05-11 09:04:20,admin,Motion Detected
2025-05-11 09:04:21,admin,Motion Detected
2025-05-11 09:04:21,admin,Motion Detected
2025-05-11 09:04:21,admin,Motion Detected
2025-05-11 09:04:21,admin,Motion Detected
2025-05-11 09:04:21,admin,Motion Detected
2025-05-11 09:04:21,admin,Motion Detected
2025-05-11 09:04:21,admin,Motion Detected
2025-05-11 09:04:21,admin,Motion Detected
2025-05-11 09:04:21,admin,Face Detected
2025-05-11 09:04:21,admin,Motion Detected
2025-05-11 09:04:21,admin,Motion Detected
2025-05-11 09:04:21,admin,Face Detected
2025-05-11 09:04:21,admin,Motion Detected
2025-05-11 09:04:22,admin,Motion Detected
2025-05-11 09:04:22,admin,Motion Detected
2025-05-11 09:04:22,admin,Motion Detected
2025-05-11 09:04:22,admin,Motion Detected
2025-05-11 09:04:22,admin,Motion Detected
2025-05-11 09:04:22,admin,Motion Detected
2025-05-11 09:04:22,admin,Motion Detected
2025-05-11 09:04:22,admin,Motion Detected
2025-05-11 09:04:22,admin,Motion Detected
2025-05-11 09:04:23,admin,Motion Detected
2025-05-11 09:04:23,admin,Motion Detected
2025-05-11 09:04:23,admin,Face Detected
2025-05-11 09:04:23,admin,Motion Detected
2025-05-11 09:04:23,admin,Motion Detected
2025-05-11 09:04:23,admin,Motion Detected
2025-05-11 09:04:23,admin,Motion Detected
2025-05-11 09:04:23,admin,Motion Detected
2025-05-11 09:04:24,admin,Motion Detected
2025-05-11 09:04:24,admin,Motion Detected
2025-05-11 09:04:24,admin,Face Detected
2025-05-11 09:04:24,admin,Motion Detected
2025-05-11 09:04:24,admin,Motion Detected
2025-05-11 09:04:27,admin,Motion Detected
2025-05-11 09:04:27,admin,Motion Detected
2025-05-11 09:04:27,admin,Motion Detected
2025-05-11 09:04:28,admin,Motion Detected
2025-05-11 09:04:30,admin,Motion Detected
2025-05-11 09:04:30,admin,Motion Detected
2025-05-11 09:04:30,admin,Motion Detected
2025-05-11 09:04:33,admin,Face Detected
2025-05-11 09:04:33,admin,Face Detected
2025-05-11 09:04:34,admin,Face Detected
2025-05-11 09:04:34,admin,Motion Detected
2025-05-11 09:04:34,admin,Motion Detected
2025-05-11 09:04:35,admin,Motion Detected
2025-05-11 09:04:37,admin,Motion Detected
2025-05-11 09:04:37,admin,Motion Detected
2025-05-11 09:04:37,admin,Motion Detected
2025-05-11 09:04:37,admin,Motion Detected
2025-05-11 09:04:38,admin,Motion Detected
2025-05-11 09:04:38,admin,Motion Detected
2025-05-11 09:04:38,admin,Motion Detected
2025-05-11 09:04:38,admin,Motion Detected
2025-05-11 09:04:39,admin,Motion Detected
2025-05-11 09:04:39,admin,Motion Detected
2025-05-11 09:04:39,admin,Motion Detected
2025-05-11 09:04:40,admin,Motion Detected
2025-05-11 09:04:40,admin,Motion Detected
2025-05-11 09:04:40,admin,Motion Detected
2025-05-11 09:04:40,admin,Motion Detected
2025-05-11 09:04:40,admin,Motion Detected
2025-05-11 09:04:41,admin,Motion Detected
2025-05-11 09:04:42,admin,Motion Detected
2025-05-11 09:04:42,admin,Motion Detected
2025-05-11 09:04:42,admin,Motion Detected
2025-05-11 09:04:42,admin,Motion Detected
2025-05-11 09:04:42,admin,Face Detected
2025-05-11 09:04:43,admin,Motion Detected
2025-05-11 09:04:43,admin,Motion Detected
2025-05-11 09:04:43,admin,Motion Detected
2025-05-11 09:04:44,admin,Motion Detected
2025-05-11 09:04:44,admin,Face Detected
2025-05-11 09:04:44,admin,Face Detected
2025-05-11 09:04:44,admin,Motion Detected
2025-05-11 09:04:44,admin,Face Detected
2025-05-11 09:04:44,admin,Motion Detected
2025-05-11 09:04:44,admin,Face Detected
2025-05-11 09:04:45,admin,Face Detected
2025-05-11 09:04:45,admin,Face Detected
2025-05-11 09:04:45,admin,Face Detected
2025-05-11 09:04:45,admin,Motion Detected
2025-05-11 09:04:45,admin,Motion Detected
2025-05-11 09:04:45,admin,Motion Detected
2025-05-11 09:04:45,admin,Motion Detected
2025-05-11 09:04:45,admin,Motion Detected
2025-05-11 09:04:46,admin,Motion Detected
2025-05-11 09:04:46,admin,Motion Detected
2025-05-11 09:04:46,admin,Motion Detected
2025-05-11 09:04:46,admin,Motion Detected
2025-05-11 09:04:46,admin,Motion Detected
2025-05-11 09:04:46,admin,Motion Detected
2025-05-11 09:04:46,admin,Motion Detected
2025-05-11 09:04:46,admin,Motion Detected
2025-05-11 09:04:46,admin,Motion Detected
2025-05-11 09:04:46,admin,Motion Detected
2025-05-11 09:04:46,admin,Motion Detected
2025-05-11 09:04:46,admin,Motion Detected
2025-05-11 09:04:46,admin,Motion Detected
2025-05-11 09:04:46,admin,Face Detected
2025-05-11 09:04:47,admin,Motion Detected
2025-05-11 09:04:47,admin,Face Detected
2025-05-11 09:04:47,admin,Motion Detected
2025-05-11 09:04:47,admin,Motion Detected
2025-05-11 09:04:47,admin,Motion Detected
2025-05-11 09:04:47,admin,Face Detected
2025-05-11 09:04:47,admin,Motion Detected
2025-05-11 09:04:47,admin,Motion Detected
2025-05-11 09:04:47,admin,Motion Detected
2025-05-11 09:04:47,admin,Motion Detected
2025-05-11 09:04:47,admin,Motion Detected
2025-05-11 09:04:47,admin,Motion Detected
2025-05-11 09:04:47,admin,Motion Detected
2025-05-11 09:04:47,admin,Motion Detected
2025-05-11 09:04:47,admin,Motion Detected
2025-05-11 09:04:47,admin,Motion Detected
2025-05-11 09:04:47,admin,Motion Detected
2025-05-11 09:04:48,admin,Motion Detected
2025-05-11 09:04:48,admin,Motion Detected
2025-05-11 09:04:48,admin,Motion Detected
2025-05-11 09:04:48,admin,Motion Detected
2025-05-11 09:04:48,admin,Motion Detected
2025-05-11 09:04:48,admin,Motion Detected
2025-05-11 09:04:48,admin,Motion Detected
2025-05-11 09:04:48,admin,Motion Detected
2025-05-11 09:04:48,admin,Motion Detected
2025-05-11 09:04:48,admin,Motion Detected
2025-05-11 09:04:48,admin,Motion Detected
2025-05-11 09:04:49,admin,Motion Detected
2025-05-11 09:04:50,admin,Motion Detected
2025-05-11 09:04:50,admin,Motion Detected
2025-05-11 09:04:50,admin,Motion Detected
2025-05-11 09:04:50,admin,Motion Detected
2025-05-11 09:04:51,admin,Motion Detected
2025-05-11 09:04:51,admin,Motion Detected
2025-05-11 09:04:51,admin,Motion Detected
2025-05-11 09:04:51,admin,Motion Detected
2025-05-11 09:04:51,admin,Motion Detected
2025-05-11 09:04:51,admin,Motion Detected
2025-05-11 09:04:51,admin,Face Detected
2025-05-11 09:04:51,admin,Motion Detected
2025-05-11 09:04:51,admin,Motion Detected
2025-05-11 09:04:52,admin,Motion Detected
2025-05-11 09:04:52,admin,Face Detected
2025-05-11 09:04:52,admin,Motion Detected
2025-05-11 09:04:52,admin,Motion Detected
2025-05-11 09:04:52,admin,Motion Detected
2025-05-11 09:04:56,admin,Face Detected
2025-05-11 09:04:57,admin,Face Detected
2025-05-11 09:05:01,admin,Face Detected
2025-05-11 09:05:02,admin,Motion Detected
2025-05-11 09:05:03,admin,Motion Detected
2025-05-11 09:05:03,admin,Motion Detected
2025-05-11 09:05:03,admin,Motion Detected
2025-05-11 09:05:03,admin,Motion Detected
2025-05-11 09:05:03,admin,Face Detected
2025-05-11 09:05:03,admin,Motion Detected
2025-05-11 09:05:03,admin,Motion Detected
2025-05-11 09:05:03,admin,Face Detected
2025-05-11 09:05:03,admin,Motion Detected
2025-05-11 09:05:03,admin,Motion Detected
2025-05-11 09:05:03,admin,Face Detected
2025-05-11 09:05:03,admin,Motion Detected
2025-05-11 09:05:03,admin,Face Detected
2025-05-11 09:05:03,admin,Motion Detected
2025-05-11 09:05:03,admin,Face Detected
2025-05-11 09:05:03,admin,Motion Detected
2025-05-11 09:05:03,admin,Face Detected
2025-05-11 09:05:03,admin,Motion Detected
2025-05-11 09:05:03,admin,Motion Detected
2025-05-11 09:05:04,admin,Motion Detected
2025-05-11 09:05:04,admin,Motion Detected
2025-05-11 09:05:04,admin,Motion Detected
2025-05-11 09:05:04,admin,Motion Detected
2025-05-11 09:05:04,admin,Motion Detected
2025-05-11 09:05:04,admin,Motion Detected
2025-05-11 09:05:04,admin,Face Detected
2025-05-11 09:05:04,admin,Motion Detected
2025-05-11 09:05:04,admin,Motion Detected
2025-05-11 09:05:04,admin,Motion Detected
2025-05-11 09:05:04,admin,Motion Detected
2025-05-11 09:05:04,admin,Face Detected
2025-05-11 09:05:05,admin,Motion Detected
2025-05-11 09:05:05,admin,Motion Detected
2025-05-11 09:05:05,admin,Motion Detected
2025-05-11 09:05:05,admin,Face Detected
2025-05-11 09:05:05,admin,Motion Detected
2025-05-11 09:05:05,admin,Face Detected
2025-05-11 09:05:05,admin,Motion Detected
2025-05-11 09:05:05,admin,Face Detected
2025-05-11 09:05:05,admin,Motion Detected
2025-05-11 09:05:07,admin,Face Detected
2025-05-11 09:05:08,admin,Motion Detected
2025-05-11 09:05:08,admin,Motion Detected
2025-05-11 09:05:08,admin,Motion Detected
2025-05-11 09:05:08,admin,Motion Detected
2025-05-11 09:05:08,admin,Motion Detected
2025-05-11 09:05:08,admin,Face Detected
2025-05-11 09:05:08,admin,Motion Detected
2025-05-11 09:05:08,admin,Face Detected
2025-05-11 09:05:09,admin,Motion Detected
2025-05-11 09:05:09,admin,Motion Detected
2025-05-11 09:05:09,admin,Motion Detected
2025-05-11 09:05:09,admin,Face Detected
2025-05-11 09:05:09,admin,Motion Detected
2025-05-11 09:05:09,admin,Motion Detected
2025-05-11 09:05:09,admin,Face Detected
2025-05-11 09:05:09,admin,Motion Detected
2025-05-11 09:05:09,admin,Motion Detected
2025-05-11 09:05:09,admin,Face Detected
2025-05-11 09:05:09,admin,Motion Detected
2025-05-11 09:05:09,admin,Face Detected
2025-05-11 09:05:09,admin,Motion Detected
2025-05-11 09:05:09,admin,Face Detected
2025-05-11 09:05:09,admin,Motion Detected
2025-05-11 09:05:09,admin,Face Detected
2025-05-11 09:05:09,admin,Motion Detected
2025-05-11 09:05:09,admin,Face Detected
2025-05-11 09:05:09,admin,Motion Detected
2025-05-11 09:05:10,admin,Motion Detected
2025-05-11 09:05:10,admin,Motion Detected
2025-05-11 09:05:10,admin,Motion Detected
2025-05-11 09:05:10,admin,Motion Detected
2025-05-11 09:05:10,admin,Motion Detected
2025-05-11 09:05:10,admin,Motion Detected
2025-05-11 09:05:10,admin,Motion Detected
2025-05-11 09:05:10,admin,Motion Detected
2025-05-11 09:05:10,admin,Motion Detected
2025-05-11 09:05:10,admin,Motion Detected
2025-05-11 09:05:10,admin,Face Detected
2025-05-11 09:05:10,admin,Motion Detected
2025-05-11 09:05:10,admin,Face Detected
2025-05-11 09:05:10,admin,Motion Detected
2025-05-11 09:05:11,admin,Motion Detected
2025-05-11 09:05:11,admin,Motion Detected
2025-05-11 09:05:11,admin,Motion Detected
2025-05-11 09:05:11,admin,Motion Detected
2025-05-11 09:05:11,admin,Motion Detected
2025-05-11 09:05:11,admin,Motion Detected
2025-05-11 09:05:11,admin,Face Detected
2025-05-11 09:05:11,admin,Motion Detected
2025-05-11 09:05:11,admin,Face Detected
2025-05-11 09:05:11,admin,Motion Detected
2025-05-11 09:05:11,admin,Face Detected
2025-05-11 09:05:11,admin,Motion Detected
2025-05-11 09:05:11,admin,Face Detected
2025-05-11 09:05:11,admin,Motion Detected
2025-05-11 09:05:11,admin,Face Detected
2025-05-11 09:05:11,admin,Motion Detected
2025-05-11 09:05:11,admin,Face Detected
2025-05-11 09:05:11,admin,Motion Detected
2025-05-11 09:05:11,admin,Face Detected
2025-05-11 09:05:11,admin,Motion Detected
2025-05-11 09:05:11,admin,Face Detected
2025-05-11 09:05:12,admin,Motion Detected
2025-05-11 09:05:12,admin,Motion Detected
2025-05-11 09:05:12,admin,Motion Detected
2025-05-11 09:05:12,admin,Face Detected
2025-05-11 09:05:12,admin,Motion Detected
2025-05-11 09:05:12,admin,Motion Detected
2025-05-11 09:05:12,admin,Motion Detected
2025-05-11 09:05:12,admin,Motion Detected
2025-05-11 09:05:12,admin,Motion Detected
2025-05-11 09:05:12,admin,Face Detected
2025-05-11 09:05:12,admin,Motion Detected
2025-05-11 09:05:12,admin,Face Detected
2025-05-11 09:05:12,admin,Motion Detected
2025-05-11 09:05:12,admin,Face Detected
2025-05-11 09:05:12,admin,Motion Detected
2025-05-11 09:05:12,admin,Motion Detected
2025-05-11 09:05:12,admin,Motion Detected
2025-05-11 09:05:13,admin,Motion Detected
2025-05-11 09:05:13,admin,Motion Detected
2025-05-11 09:05:13,admin,Motion Detected
2025-05-11 09:05:13,admin,Motion Detected
2025-05-11 09:05:13,admin,Motion Detected
2025-05-11 09:05:13,admin,Motion Detected
2025-05-11 09:05:13,admin,Motion Detected
2025-05-11 09:05:13,admin,Face Detected
2025-05-11 09:05:13,admin,Motion Detected
2025-05-11 09:05:13,admin,Face Detected
2025-05-11 09:05:13,admin,Motion Detected
2025-05-11 09:05:13,admin,Motion Detected
2025-05-11 09:05:13,admin,Motion Detected
2025-05-11 09:05:14,admin,Motion Detected
2025-05-11 09:05:14,admin,Motion Detected
2025-05-11 09:05:14,admin,Face Detected
2025-05-11 09:05:14,admin,Motion Detected
2025-05-11 09:05:14,admin,Face Detected
2025-05-11 09:05:14,admin,Motion Detected
2025-05-11 09:05:14,admin,Face Detected
2025-05-11 09:05:14,admin,Motion Detected
2025-05-11 09:05:14,admin,Face Detected
2025-05-11 09:05:14,admin,Motion Detected
2025-05-11 09:05:14,admin,Face Detected
2025-05-11 09:05:14,admin,Motion Detected
2025-05-11 09:05:14,admin,Face Detected
2025-05-11 09:05:14,admin,Motion Detected
2025-05-11 09:05:14,admin,Motion Detected
2025-05-11 09:05:14,admin,Face Detected
2025-05-11 09:05:14,admin,Motion Detected
2025-05-11 09:05:14,admin,Face Detected
2025-05-11 09:05:14,admin,Motion Detected
2025-05-11 09:05:14,admin,Face Detected
2025-05-11 09:05:14,admin,Motion Detected
2025-05-11 09:05:14,admin,Motion Detected
2025-05-11 09:05:15,admin,Motion Detected
2025-05-11 09:05:15,admin,Motion Detected
2025-05-11 09:05:15,admin,Motion Detected
2025-05-11 09:05:15,admin,Motion Detected
2025-05-11 09:05:15,admin,Motion Detected
2025-05-11 09:05:15,admin,Motion Detected
2025-05-11 09:05:15,admin,Motion Detected
2025-05-11 09:05:15,admin,Motion Detected
2025-05-11 09:05:15,admin,Face Detected
2025-05-11 09:05:15,admin,Motion Detected
2025-05-11 09:05:15,admin,Face Detected
2025-05-11 09:05:15,admin,Motion Detected
2025-05-11 09:05:15,admin,Face Detected
2025-05-11 09:05:15,admin,Motion Detected
2025-05-11 09:05:16,admin,Motion Detected
2025-05-11 09:05:16,admin,Motion Detected
2025-05-11 09:05:16,admin,Motion Detected
2025-05-11 09:05:16,admin,Motion Detected
2025-05-11 09:05:16,admin,Motion Detected
2025-05-11 09:05:16,admin,Face Detected
2025-05-11 09:05:16,admin,Motion Detected
2025-05-11 09:05:16,admin,Motion Detected
2025-05-11 09:05:16,admin,Motion Detected
2025-05-11 09:05:16,admin,Motion Detected
2025-05-11 09:05:16,admin,Motion Detected
2025-05-11 09:05:16,admin,Face Detected
2025-05-11 09:05:17,admin,Motion Detected
2025-05-11 09:05:17,admin,Motion Detected
2025-05-11 09:05:17,admin,Motion Detected
2025-05-11 09:05:17,admin,Motion Detected
2025-05-11 09:05:17,admin,Face Detected
2025-05-11 09:05:17,admin,Motion Detected
2025-05-11 09:05:17,admin,Motion Detected
2025-05-11 09:05:17,admin,Motion Detected
2025-05-11 09:05:17,admin,Motion Detected
2025-05-11 09:05:17,admin,Motion Detected
2025-05-11 09:05:17,admin,Face Detected
2025-05-11 09:05:17,admin,Motion Detected
2025-05-11 09:05:17,admin,Face Detected
2025-05-11 09:05:17,admin,Motion Detected
2025-05-11 09:05:17,admin,Motion Detected
2025-05-11 09:05:18,admin,Motion Detected
2025-05-11 09:05:18,admin,Motion Detected
2025-05-11 09:05:18,admin,Face Detected
2025-05-11 09:05:18,admin,Motion Detected
2025-05-11 09:05:18,admin,Motion Detected
2025-05-11 09:05:18,admin,Motion Detected
2025-05-11 09:05:18,admin,Face Detected
2025-05-11 09:05:18,admin,Motion Detected
2025-05-11 09:05:18,admin,Motion Detected
2025-05-11 09:05:18,admin,Motion Detected
2025-05-11 09:05:18,admin,Motion Detected
2025-05-11 09:05:18,admin,Motion Detected
2025-05-11 09:05:18,admin,Motion Detected
2025-05-11 09:05:18,admin,Motion Detected
2025-05-11 09:05:19,admin,Motion Detected
2025-05-11 09:05:19,admin,Motion Detected
2025-05-11 09:05:19,admin,Face Detected
2025-05-11 09:05:19,admin,Motion Detected
2025-05-11 09:05:19,admin,Motion Detected
2025-05-11 09:05:19,admin,Motion Detected
2025-05-11 09:05:19,admin,Motion Detected
2025-05-11 09:05:19,admin,Motion Detected
2025-05-11 09:05:19,admin,Motion Detected
2025-05-11 09:05:19,admin,Motion Detected
2025-05-11 09:05:19,admin,Motion Detected
2025-05-11 09:05:19,admin,Motion Detected
2025-05-11 09:05:20,admin,Motion Detected
2025-05-11 09:05:20,admin,Motion Detected
2025-05-11 09:05:20,admin,Motion Detected
2025-05-11 09:05:20,admin,Motion Detected
2025-05-11 09:05:20,admin,Motion Detected
2025-05-11 09:05:20,admin,Face Detected
2025-05-11 09:05:20,admin,Motion Detected
2025-05-11 09:05:20,admin,Face Detected
2025-05-11 09:05:20,admin,Motion Detected
2025-05-11 09:05:20,admin,Motion Detected
2025-05-11 09:05:20,admin,Face Detected
2025-05-11 09:05:20,admin,Motion Detected
2025-05-11 09:05:20,admin,Face Detected
2025-05-11 09:05:20,admin,Motion Detected
2025-05-11 09:05:20,admin,Motion Detected
2025-05-11 09:05:20,admin,Face Detected
2025-05-11 09:05:20,admin,Motion Detected
2025-05-11 09:05:20,admin,Motion Detected
2025-05-11 09:05:20,admin,Face Detected
2025-05-11 09:05:20,admin,Motion Detected
2025-05-11 09:05:20,admin,Face Detected
2025-05-11 09:05:20,admin,Motion Detected
2025-05-11 09:05:21,admin,Motion Detected
2025-05-11 09:05:21,admin,Motion Detected
2025-05-11 09:05:21,admin,Motion Detected
2025-05-11 09:05:21,admin,Motion Detected
2025-05-11 09:05:21,admin,Motion Detected
2025-05-11 09:05:21,admin,Motion Detected
2025-05-11 09:05:21,admin,Motion Detected
2025-05-11 09:05:21,admin,Motion Detected
2025-05-11 09:05:21,admin,Motion Detected
2025-05-11 09:05:21,admin,Motion Detected
2025-05-11 09:05:21,admin,Motion Detected
2025-05-11 09:05:21,admin,Motion Detected
2025-05-11 09:05:22,admin,Motion Detected
2025-05-11 09:05:22,admin,Motion Detected
2025-05-11 09:05:22,admin,Motion Detected
2025-05-11 09:05:22,admin,Motion Detected
2025-05-11 09:05:22,admin,Motion Detected
2025-05-11 09:05:23,admin,Motion Detected
2025-05-11 09:05:23,admin,Motion Detected
2025-05-11 09:05:23,admin,Motion Detected
2025-05-11 09:05:24,admin,Motion Detected
2025-05-11 09:05:24,admin,Face Detected
2025-05-11 09:05:24,admin,Motion Detected
2025-05-11 09:05:24,admin,Motion Detected
2025-05-11 09:05:24,admin,Motion Detected
2025-05-11 09:05:24,admin,Motion Detected
2025-05-11 09:05:24,admin,Motion Detected
2025-05-11 09:05:24,admin,Motion Detected
2025-05-11 09:05:24,admin,Motion Detected
2025-05-11 09:05:24,admin,Face Detected
2025-05-11 09:05:24,admin,Motion Detected
2025-05-11 09:05:24,admin,Face Detected
2025-05-11 09:05:24,admin,Motion Detected
2025-05-11 09:05:24,admin,Motion Detected
2025-05-11 09:05:25,admin,Motion Detected
2025-05-11 09:05:25,admin,Motion Detected
2025-05-11 09:05:25,admin,Motion Detected
2025-05-11 09:05:25,admin,Motion Detected
2025-05-11 09:05:25,admin,Motion Detected
2025-05-11 09:05:25,admin,Motion Detected
2025-05-11 09:05:25,admin,Motion Detected
2025-05-11 09:05:25,admin,Motion Detected
2025-05-11 09:05:25,admin,Motion Detected
2025-05-11 09:05:25,admin,Motion Detected
2025-05-11 09:05:25,admin,Motion Detected
2025-05-11 09:05:26,admin,Motion Detected
2025-05-11 09:05:26,admin,Motion Detected
2025-05-11 09:05:26,admin,Motion Detected
2025-05-11 09:05:26,admin,Motion Detected
2025-05-11 09:05:26,admin,Motion Detected
2025-05-11 09:05:26,admin,Motion Detected
2025-05-11 09:05:26,admin,Motion Detected
2025-05-11 09:05:26,admin,Motion Detected
2025-05-11 09:05:26,admin,Motion Detected
2025-05-11 09:05:26,admin,Motion Detected
2025-05-11 09:05:27,admin,Motion Detected
2025-05-11 09:05:27,admin,Motion Detected
2025-05-11 09:05:27,admin,Motion Detected
2025-05-11 09:05:27,admin,Face Detected
2025-05-11 09:05:27,admin,Motion Detected
2025-05-11 09:05:27,admin,Face Detected
2025-05-11 09:05:27,admin,Motion Detected
2025-05-11 09:05:27,admin,Motion Detected
2025-05-11 09:05:27,admin,Motion Detected
2025-05-11 09:05:27,admin,Motion Detected
2025-05-11 09:05:27,admin,Motion Detected
2025-05-11 09:05:27,admin,Motion Detected
2025-05-11 09:05:27,admin,Motion Detected
2025-05-11 09:05:28,admin,Motion Detected
2025-05-11 09:05:28,admin,Motion Detected
2025-05-11 09:05:28,admin,Motion Detected
2025-05-11 09:05:28,admin,Motion Detected
2025-05-11 09:05:28,admin,Face Detected
2025-05-11 09:05:28,admin,Motion Detected
2025-05-11 09:05:28,admin,Motion Detected
2025-05-11 09:05:28,admin,Motion Detected
2025-05-11 09:05:28,admin,Motion Detected
2025-05-11 09:05:28,admin,Motion Detected
2025-05-11 09:05:28,admin,Motion Detected
2025-05-11 09:05:29,admin,Motion Detected
2025-05-11 09:05:29,admin,Face Detected
2025-05-11 09:05:29,admin,Motion Detected
2025-05-11 09:05:29,admin,Face Detected
2025-05-11 09:05:29,admin,Face Detected
2025-05-11 09:05:30,admin,Face Detected
2025-05-11 09:05:30,admin,Face Detected
2025-05-11 09:05:31,admin,Motion Detected
2025-05-11 09:05:31,admin,Face Detected
2025-05-11 09:05:32,admin,Face Detected
2025-05-11 09:05:32,admin,Face Detected
2025-05-11 09:05:32,admin,Face Detected
2025-05-11 09:05:32,admin,Face Detected
2025-05-11 09:05:32,admin,Face Detected
2025-05-11 09:05:33,admin,Face Detected
2025-05-11 09:05:33,admin,Motion Detected
2025-05-11 09:05:33,admin,Motion Detected
2025-05-11 09:05:33,admin,Face Detected
2025-05-11 09:05:33,admin,Motion Detected
2025-05-11 09:05:33,admin,Motion Detected
2025-05-11 09:05:33,admin,Motion Detected
2025-05-11 09:05:33,admin,Motion Detected
2025-05-11 09:05:33,admin,Motion Detected
2025-05-11 09:05:33,admin,Motion Detected
2025-05-11 09:05:33,admin,Face Detected
2025-05-11 09:05:33,admin,Motion Detected
2025-05-11 09:05:34,admin,Motion Detected
2025-05-11 09:05:34,admin,Motion Detected
2025-05-11 09:05:34,admin,Motion Detected
2025-05-11 09:05:34,admin,Motion Detected
2025-05-11 09:05:34,admin,Motion Detected
2025-05-11 09:05:34,admin,Motion Detected
2025-05-11 09:05:34,admin,Motion Detected
2025-05-11 09:05:34,admin,Face Detected
2025-05-11 09:05:34,admin,Motion Detected
2025-05-11 09:05:34,admin,Motion Detected
2025-05-11 09:05:34,admin,Motion Detected
2025-05-11 09:05:34,admin,Motion Detected
2025-05-11 09:05:34,admin,Face Detected
2025-05-11 09:05:34,admin,Motion Detected
2025-05-11 09:05:34,admin,Face Detected
2025-05-11 09:05:35,admin,Motion Detected
2025-05-11 09:05:35,admin,Face Detected
2025-05-11 09:05:35,admin,Motion Detected
2025-05-11 09:05:35,admin,Face Detected
2025-05-11 09:05:35,admin,Motion Detected
2025-05-11 09:05:35,admin,Face Detected
2025-05-11 09:05:35,admin,Motion Detected
2025-05-11 09:05:35,admin,Face Detected
2025-05-11 09:05:35,admin,Motion Detected
2025-05-11 09:05:35,admin,Motion Detected
2025-05-11 09:05:35,admin,Motion Detected
2025-05-11 09:05:35,admin,Motion Detected
2025-05-11 09:05:35,admin,Motion Detected
2025-05-11 09:05:35,admin,Motion Detected
2025-05-11 09:05:35,admin,Face Detected
2025-05-11 09:05:35,admin,Motion Detected
2025-05-11 09:05:35,admin,Face Detected
2025-05-11 09:05:35,admin,Motion Detected
2025-05-11 09:05:35,admin,Face Detected
2025-05-11 09:05:36,admin,Motion Detected
2025-05-11 09:05:36,admin,Face Detected
2025-05-11 09:05:36,admin,Motion Detected
2025-05-11 09:05:36,admin,Face Detected
2025-05-11 09:05:36,admin,Motion Detected
2025-05-11 09:05:36,admin,Face Detected
2025-05-11 09:05:36,admin,Motion Detected
2025-05-11 09:05:36,admin,Motion Detected
2025-05-11 09:05:36,admin,Motion Detected
2025-05-11 09:05:36,admin,Motion Detected
2025-05-11 09:05:36,admin,Motion Detected
2025-05-11 09:05:36,admin,Motion Detected
2025-05-11 09:05:36,admin,Motion Detected
2025-05-11 09:05:36,admin,Face Detected
2025-05-11 09:05:36,admin,Motion Detected
2025-05-11 09:05:36,admin,Motion Detected
2025-05-11 09:05:37,admin,Motion Detected
2025-05-11 09:05:37,admin,Face Detected
2025-05-11 09:05:37,admin,Motion Detected
2025-05-11 09:05:37,admin,Face Detected
2025-05-11 09:05:37,admin,Motion Detected
2025-05-11 09:05:37,admin,Motion Detected
2025-05-11 09:05:37,admin,Motion Detected
2025-05-11 09:05:37,admin,Motion Detected
2025-05-11 09:05:37,admin,Face Detected
2025-05-11 09:05:37,admin,Motion Detected
2025-05-11 09:05:37,admin,Motion Detected
2025-05-11 09:05:37,admin,Motion Detected
2025-05-11 09:05:37,admin,Face Detected
2025-05-11 09:05:37,admin,Motion Detected
2025-05-11 09:05:37,admin,Face Detected
2025-05-11 09:05:37,admin,Motion Detected
2025-05-11 09:05:37,admin,Motion Detected
2025-05-11 09:05:37,admin,Motion Detected
2025-05-11 09:05:37,admin,Motion Detected
2025-05-11 09:05:37,admin,Motion Detected
2025-05-11 09:05:38,admin,Motion Detected
2025-05-11 09:05:38,admin,Motion Detected
2025-05-11 09:05:38,admin,Motion Detected
2025-05-11 09:05:38,admin,Motion Detected
2025-05-11 09:05:38,admin,Motion Detected
2025-05-11 09:05:38,admin,Motion Detected
2025-05-11 09:05:38,admin,Motion Detected
2025-05-11 09:05:38,admin,Motion Detected
2025-05-11 09:05:38,admin,Motion Detected
2025-05-11 09:05:38,admin,Motion Detected
2025-05-11 09:05:38,admin,Motion Detected
2025-05-11 09:05:38,admin,Motion Detected
2025-05-11 09:05:38,admin,Motion Detected
2025-05-11 09:05:38,admin,Face Detected
2025-05-11 09:05:38,admin,Motion Detected
2025-05-11 09:05:38,admin,Face Detected
2025-05-11 09:05:38,admin,Motion Detected
2025-05-11 09:05:38,admin,Face Detected
2025-05-11 09:05:38,admin,Motion Detected
2025-05-11 09:05:38,admin,Face Detected
2025-05-11 09:05:38,admin,Motion Detected
2025-05-11 09:05:39,admin,Motion Detected
2025-05-11 09:05:39,admin,Motion Detected
2025-05-11 09:05:39,admin,Motion Detected
2025-05-11 09:05:39,admin,Motion Detected
2025-05-11 09:05:39,admin,Motion Detected
2025-05-11 09:05:39,admin,Motion Detected
2025-05-11 09:05:39,admin,Motion Detected
2025-05-11 09:05:39,admin,Motion Detected
2025-05-11 09:05:39,admin,Motion Detected
2025-05-11 09:05:39,admin,Motion Detected
2025-05-11 09:05:39,admin,Motion Detected
2025-05-11 09:05:40,admin,Motion Detected
2025-05-11 09:05:40,admin,Motion Detected
2025-05-11 09:05:40,admin,Motion Detected
2025-05-11 09:05:40,admin,Motion Detected
2025-05-11 09:05:40,admin,Motion Detected
2025-05-11 09:05:40,admin,Motion Detected
2025-05-11 09:05:40,admin,Motion Detected
2025-05-11 09:05:40,admin,Motion Detected
2025-05-11 09:05:40,admin,Motion Detected
2025-05-11 09:05:40,admin,Motion Detected
2025-05-11 09:05:40,admin,Motion Detected
2025-05-11 09:05:40,admin,Motion Detected
2025-05-11 09:05:40,admin,Motion Detected
2025-05-11 09:05:40,admin,Motion Detected
2025-05-11 09:05:40,admin,Motion Detected
2025-05-11 09:05:40,admin,Motion Detected
2025-05-11 09:05:40,admin,Motion Detected
2025-05-11 09:05:40,admin,Motion Detected
2025-05-11 09:05:40,admin,Motion Detected
2025-05-11 09:05:40,admin,Motion Detected
2025-05-11 09:05:41,admin,Motion Detected
2025-05-11 09:05:41,admin,Motion Detected
2025-05-11 09:05:41,admin,Motion Detected
2025-05-11 09:05:41,admin,Motion Detected
2025-05-11 09:05:41,admin,Motion Detected
2025-05-11 09:05:41,admin,Motion Detected
2025-05-11 09:05:41,admin,Motion Detected
2025-05-11 09:05:41,admin,Motion Detected
2025-05-11 09:05:41,admin,Motion Detected
2025-05-11 09:05:41,admin,Motion Detected
2025-05-11 09:05:41,admin,Motion Detected
2025-05-11 09:05:41,admin,Motion Detected
2025-05-11 09:05:41,admin,Motion Detected
2025-05-11 09:05:41,admin,Motion Detected
2025-05-11 09:05:41,admin,Motion Detected
2025-05-11 09:05:41,admin,Motion Detected
2025-05-11 09:05:41,admin,Motion Detected
2025-05-11 09:05:41,admin,Motion Detected
2025-05-11 09:05:41,admin,Face Detected
2025-05-11 09:05:41,admin,Motion Detected
2025-05-11 09:05:41,admin,Motion Detected
2025-05-11 09:05:41,admin,Motion Detected
2025-05-11 09:05:42,admin,Motion Detected
2025-05-11 09:05:42,admin,Motion Detected
2025-05-11 09:05:42,admin,Motion Detected
2025-05-11 09:05:42,admin,Motion Detected
2025-05-11 09:05:42,admin,Motion Detected
2025-05-11 09:05:42,admin,Motion Detected
2025-05-11 09:05:42,admin,Motion Detected
2025-05-11 09:05:42,admin,Motion Detected
2025-05-11 09:05:42,admin,Motion Detected
2025-05-11 09:05:42,admin,Motion Detected
2025-05-11 09:05:42,admin,Motion Detected
2025-05-11 09:05:42,admin,Motion Detected
2025-05-11 09:05:42,admin,Motion Detected
2025-05-11 09:05:42,admin,Motion Detected
2025-05-11 09:05:42,admin,Motion Detected
2025-05-11 09:05:42,admin,Motion Detected
2025-05-11 09:05:42,admin,Motion Detected
2025-05-11 09:05:42,admin,Motion Detected
2025-05-11 09:05:42,admin,Motion Detected
2025-05-11 09:05:43,admin,Motion Detected
2025-05-11 09:05:43,admin,Motion Detected
2025-05-11 09:05:43,admin,Motion Detected
2025-05-11 09:05:43,admin,Motion Detected
2025-05-11 09:05:43,admin,Motion Detected
2025-05-11 09:05:43,admin,Motion Detected
2025-05-11 09:05:43,admin,Motion Detected
2025-05-11 09:05:43,admin,Motion Detected
2025-05-11 09:05:43,admin,Motion Detected
2025-05-11 09:05:43,admin,Motion Detected
2025-05-11 09:05:43,admin,Motion Detected
2025-05-11 09:05:43,admin,Motion Detected
2025-05-11 09:05:43,admin,Motion Detected
2025-05-11 09:05:43,admin,Motion Detected
2025-05-11 09:05:43,admin,Motion Detected
2025-05-11 09:05:43,admin,Motion Detected
2025-05-11 09:05:43,admin,Motion Detected
2025-05-11 09:05:43,admin,Motion Detected
2025-05-11 09:05:43,admin,Motion Detected
2025-05-11 09:05:43,admin,Motion Detected
2025-05-11 09:05:43,admin,Motion Detected
2025-05-11 09:05:44,admin,Motion Detected
2025-05-11 09:05:44,admin,Motion Detected
2025-05-11 09:05:44,admin,Motion Detected
2025-05-11 09:05:44,admin,Motion Detected
2025-05-11 09:05:44,admin,Motion Detected
2025-05-11 09:05:44,admin,Motion Detected
2025-05-11 09:05:44,admin,Motion Detected
2025-05-11 09:05:44,admin,Motion Detected
2025-05-11 09:05:44,admin,Motion Detected
2025-05-11 09:05:44,admin,Motion Detected
2025-05-11 09:05:44,admin,Motion Detected
2025-05-11 09:05:44,admin,Motion Detected
2025-05-11 09:05:44,admin,Motion Detected
2025-05-11 09:05:44,admin,Motion Detected
2025-05-11 09:05:44,admin,Motion Detected
2025-05-11 09:05:44,admin,Motion Detected
2025-05-11 09:05:45,admin,Motion Detected
2025-05-11 09:05:45,admin,Motion Detected
2025-05-11 09:05:45,admin,Motion Detected
2025-05-11 09:05:46,admin,Motion Detected
2025-05-11 09:17:20,admin,Motion Detected
2025-05-11 09:17:22,admin,Motion Detected
2025-05-11 09:17:23,admin,Motion Detected
2025-05-11 09:17:24,admin,Motion Detected
2025-05-11 09:17:25,admin,Motion Detected
2025-05-11 09:17:26,admin,Motion Detected
2025-05-11 09:17:27,admin,Motion Detected
2025-05-11 09:17:28,admin,Motion Detected
2025-05-11 09:17:29,admin,Motion Detected
2025-05-11 09:17:30,admin,Motion Detected
2025-05-11 09:17:31,admin,Motion Detected
2025-05-11 09:17:32,admin,Motion Detected
2025-05-11 09:17:33,admin,Motion Detected
2025-05-11 09:17:34,admin,Motion Detected
2025-05-11 09:17:35,admin,Motion Detected
2025-05-11 09:17:36,admin,Motion Detected
2025-05-11 09:17:37,admin,Motion Detected
2025-05-11 09:17:38,admin,Motion Detected
2025-05-11 09:17:40,admin,Motion Detected
2025-05-11 09:17:41,admin,Motion Detected
2025-05-11 09:17:42,admin,Motion Detected
2025-05-11 09:17:43,admin,Motion Detected
2025-05-11 09:17:44,admin,Motion Detected
2025-05-11 09:17:45,admin,Motion Detected
2025-05-11 09:17:46,admin,Motion Detected
2025-05-11 09:17:47,admin,Motion Detected
2025-05-11 09:17:48,admin,Motion Detected
2025-05-11 09:17:49,admin,Motion Detected
2025-05-11 09:17:50,admin,Motion Detected
2025-05-11 09:17:51,admin,Motion Detected
2025-05-11 09:17:52,admin,Motion Detected
2025-05-11 09:17:53,admin,Motion Detected
2025-05-11 09:17:54,admin,Motion Detected
2025-05-11 09:17:55,admin,Motion Detected
2025-05-11 09:17:56,admin,Motion Detected
2025-05-11 09:17:57,admin,Motion Detected
2025-05-11 09:17:59,admin,Motion Detected
2025-05-11 09:18:00,admin,Motion Detected
2025-05-11 09:18:01,admin,Motion Detected
2025-05-11 09:18:02,admin,Motion Detected
2025-05-11 09:18:03,admin,Motion Detected
2025-05-11 09:18:04,admin,Motion Detected
2025-05-11 09:18:05,admin,Motion Detected
2025-05-11 09:18:06,admin,Motion Detected
2025-05-11 09:18:07,admin,Motion Detected
2025-05-11 09:18:08,admin,Motion Detected
2025-05-11 09:18:09,admin,Motion Detected
2025-05-11 09:18:10,admin,Motion Detected
2025-05-11 09:18:11,admin,Motion Detected
2025-05-11 09:18:12,admin,Motion Detected
2025-05-11 09:18:13,admin,Motion Detected
2025-05-11 09:18:14,admin,Motion Detected
2025-05-11 09:18:15,admin,Motion Detected
2025-05-11 09:18:16,admin,Motion Detected
2025-05-11 09:18:17,admin,Motion Detected
2025-05-11 09:18:18,admin,Motion Detected
2025-05-11 09:18:20,admin,Motion Detected
2025-05-11 09:18:21,admin,Motion Detected
2025-05-11 09:18:22,admin,Motion Detected
2025-05-11 09:18:23,admin,Motion Detected
2025-05-11 09:18:24,admin,Motion Detected
2025-05-11 09:18:25,admin,Motion Detected
2025-05-11 09:18:26,admin,Motion Detected
2025-05-11 09:18:27,admin,Motion Detected
2025-05-11 09:18:28,admin,Motion Detected
2025-05-11 09:18:29,admin,Motion Detected
2025-05-11 09:18:30,admin,Motion Detected
2025-05-11 09:18:31,admin,Motion Detected
2025-05-11 09:18:32,admin,Motion Detected
2025-05-11 09:18:33,admin,Motion Detected
2025-05-11 09:18:34,admin,Motion Detected
2025-05-11 09:18:35,admin,Motion Detected
2025-05-11 09:18:36,admin,Motion Detected
2025-05-11 09:18:37,admin,Motion Detected
2025-05-11 09:18:38,admin,Motion Detected
2025-05-11 09:18:39,admin,Motion Detected
2025-05-11 09:18:40,admin,Motion Detected
2025-05-11 09:18:41,admin,Motion Detected
2025-05-11 09:18:42,admin,Motion Detected
2025-05-11 09:18:44,admin,Motion Detected
2025-05-11 09:18:45,admin,Motion Detected
2025-05-11 09:18:46,admin,Motion Detected
2025-05-11 09:18:47,admin,Motion Detected
2025-05-11 09:18:48,admin,Motion Detected
2025-05-11 09:18:49,admin,Motion Detected
2025-05-11 09:18:50,admin,Motion Detected
2025-05-11 09:18:51,admin,Motion Detected
2025-05-11 09:18:52,admin,Motion Detected
2025-05-11 09:18:53,admin,Motion Detected
2025-05-11 09:18:54,admin,Motion Detected
2025-05-11 09:18:55,admin,Motion Detected
2025-05-11 09:18:56,admin,Motion Detected
2025-05-11 09:18:57,admin,Motion Detected
2025-05-11 09:18:58,admin,Motion Detected
2025-05-11 09:18:59,admin,Motion Detected
2025-05-11 09:19:00,admin,Motion Detected
2025-05-11 09:19:01,admin,Motion Detected
2025-05-11 09:19:02,admin,Motion Detected
2025-05-11 09:19:03,admin,Motion Detected
2025-05-11 09:19:05,admin,Motion Detected
2025-05-11 09:19:06,admin,Motion Detected
2025-05-11 09:19:07,admin,Motion Detected
2025-05-11 09:19:08,admin,Motion Detected
2025-05-11 09:19:09,admin,Motion Detected
2025-05-11 09:19:10,admin,Motion Detected
2025-05-11 09:19:11,admin,Motion Detected
2025-05-11 09:19:12,admin,Motion Detected
2025-05-11 09:19:13,admin,Motion Detected
2025-05-11 09:19:14,admin,Motion Detected
2025-05-11 09:19:15,admin,Motion Detected
2025-05-11 09:19:16,admin,Motion Detected
2025-05-11 09:19:17,admin,Motion Detected
2025-05-11 09:19:18,admin,Motion Detected
2025-05-11 09:19:19,admin,Motion Detected
2025-05-11 09:19:20,admin,Motion Detected
2025-05-11 09:19:21,admin,Motion Detected
2025-05-11 09:19:22,admin,Motion Detected
2025-05-11 09:19:23,admin,Motion Detected
2025-05-11 09:19:25,admin,Motion Detected
2025-05-11 09:19:26,admin,Motion Detected
2025-05-11 09:19:27,admin,Motion Detected
2025-05-11 09:19:28,admin,Motion Detected
2025-05-11 09:19:29,admin,Motion Detected
2025-05-11 09:19:30,admin,Motion Detected
2025-05-11 09:19:31,admin,Motion Detected
2025-05-11 09:19:32,admin,Motion Detected
2025-05-11 09:19:33,admin,Motion Detected
2025-05-11 09:19:34,admin,Motion Detected
2025-05-11 09:19:35,admin,Motion Detected
2025-05-11 09:19:36,admin,Motion Detected
2025-05-11 09:19:37,admin,Motion Detected
2025-05-11 09:19:38,admin,Motion Detected
2025-05-11 09:19:39,admin,Motion Detected
2025-05-11 09:19:40,admin,Motion Detected
2025-05-11 09:19:41,admin,Motion Detected
2025-05-11 09:19:42,admin,Motion Detected
2025-05-11 09:19:43,admin,Motion Detected
2025-05-11 09:19:44,admin,Motion Detected
2025-05-11 09:19:46,admin,Motion Detected
2025-05-11 09:19:47,admin,Motion Detected
2025-05-11 09:19:48,admin,Motion Detected
2025-05-11 09:19:49,admin,Motion Detected
2025-05-11 09:19:50,admin,Motion Detected
2025-05-11 09:19:51,admin,Motion Detected
2025-05-11 09:19:52,admin,Motion Detected
2025-05-11 09:19:53,admin,Motion Detected
2025-05-11 09:19:54,admin,Motion Detected
2025-05-11 09:19:55,admin,Motion Detected
2025-05-11 09:19:56,admin,Motion Detected
2025-05-11 09:19:57,admin,Motion Detected
2025-05-11 09:19:58,admin,Motion Detected
2025-05-11 09:19:59,admin,Motion Detected
2025-05-11 09:20:00,admin,Motion Detected
2025-05-11 09:20:01,admin,Motion Detected
2025-05-11 09:20:02,admin,Motion Detected
2025-05-11 09:20:03,admin,Motion Detected
2025-05-11 09:20:04,admin,Motion Detected
2025-05-11 09:20:05,admin,Motion Detected
2025-05-11 09:20:07,admin,Motion Detected
2025-05-11 09:20:08,admin,Motion Detected
2025-05-11 09:20:09,admin,Motion Detected
2025-05-11 09:20:10,admin,Motion Detected
2025-05-11 09:20:11,admin,Motion Detected
2025-05-11 09:20:12,admin,Motion Detected
2025-05-11 09:20:13,admin,Motion Detected
2025-05-11 09:20:14,admin,Motion Detected
2025-05-11 09:20:15,admin,Motion Detected
2025-05-11 09:20:16,admin,Motion Detected
2025-05-11 09:20:17,admin,Motion Detected
2025-05-11 09:20:18,admin,Motion Detected
2025-05-11 09:20:19,admin,Motion Detected
2025-05-11 09:20:20,admin,Motion Detected
2025-05-11 09:20:21,admin,Motion Detected
2025-05-11 09:20:22,admin,Motion Detected
2025-05-11 09:20:23,admin,Motion Detected
2025-05-11 09:20:24,admin,Motion Detected
2025-05-11 09:20:25,admin,Motion Detected
2025-05-11 09:20:26,admin,Motion Detected
2025-05-11 09:20:28,admin,Motion Detected
2025-05-11 09:20:29,admin,Motion Detected
2025-05-11 09:20:30,admin,Motion Detected
2025-05-11 09:20:31,admin,Motion Detected
2025-05-11 09:20:32,admin,Motion Detected
2025-05-11 09:20:33,admin,Motion Detected
2025-05-11 09:20:34,admin,Motion Detected
2025-05-11 09:20:35,admin,Motion Detected
2025-05-11 09:20:36,admin,Motion Detected
2025-05-11 09:20:37,admin,Motion Detected
2025-05-11 09:20:38,admin,Motion Detected
2025-05-11 09:20:39,admin,Motion Detected
2025-05-11 09:20:40,admin,Motion Detected
2025-05-11 09:20:41,admin,Motion Detected
2025-05-11 09:20:42,admin,Motion Detected
2025-05-11 09:20:43,admin,Motion Detected
2025-05-11 09:20:44,admin,Motion Detected
2025-05-11 09:20:45,admin,Motion Detected
2025-05-11 09:20:46,admin,Motion Detected
2025-05-11 09:20:47,admin,Motion Detected
2025-05-11 09:20:48,admin,Motion Detected
2025-05-11 09:20:50,admin,Motion Detected
2025-05-11 09:20:51,admin,Motion Detected
2025-05-11 09:20:52,admin,Motion Detected
2025-05-11 09:20:53,admin,Motion Detected
2025-05-11 09:20:54,admin,Motion Detected
2025-05-11 09:20:55,admin,Motion Detected
2025-05-11 09:20:56,admin,Motion Detected
2025-05-11 09:20:57,admin,Motion Detected
2025-05-11 09:20:58,admin,Motion Detected
2025-05-11 09:20:59,admin,Motion Detected
